postal_code,address
G0M 1H0,"Estrie, Québec"
G0M 1W0,"Estrie, Québec"
G6B 1A1,"Estrie, Québec"
G6B 1L3,"Estrie, Québec"
G6B 1C1,"Estrie, Québec"
G6V 9J6,"Chaudière - Appalaches, Québec"
J1S 1K3,"Estrie, Québec"
J0B 3B0,"Estrie, Québec"
G6W 5M6,"Chaudière - Appalaches, Québec"
G0C 2A0,"Estrie, Québec"
G5V 3R9,"Chaudière - Appalaches, Québec"
G5C 1C8,"Côte-Nord, Québec"
J0B 3J0,"Estrie, Québec"
J1K 1M9,"Estrie, Québec"
J0B 2C0,"Estrie, Québec"
J0B 3G0,"Estrie, Québec"
J1R 0C4,"Estrie, Québec"
J0E 2L0,"Estrie, Québec"
J1X 2T4,"Estrie, Québec"
J0B 2R0,"Estrie, Québec"
J0B 1R0,"Estrie, Québec"
J1H 5N6,"Estrie, Québec"
J1G 1E8,"Estrie, Québec"
J1H 0A4,"Estrie, Québec"
J1K 2R1,"Estrie, Québec"
J0E 1Y0,"Estrie, Québec"
J1T 0A8,NOT FOUND
J1L 3A3,"Estrie, Québec"
J0B 2P0,"Estrie, Québec"
J0B 3E0,"Estrie, Québec"
J1H 3K5,"Estrie, Québec"
J0B 3E2,"Estrie, Québec"
J1A 2P7,"Estrie, Québec"
J1G 2G6,"Estrie, Québec"
J1X 1Z5,"Estrie, Québec"
J0B 1Y0,"Estrie, Québec"
J1H 1B4,"Estrie, Québec"
J1G 1E6,"Estrie, Québec"
J0B 1C0,"Estrie, Québec"
J1E 4J5,"Estrie, Québec"
J1X 5T6,"Estrie, Québec"
J0B 3H0,"Estrie, Québec"
J1H 4S5,"Estrie, Québec"
J0E 1H0,"Estrie, Québec"
J1X 2T3,"Estrie, Québec"
J1X 5B5,"Estrie, Québec"
J1G 5G7,"Estrie, Québec"
J1H 6G7,"Estrie, Québec"
J1S 2E1,"Estrie, Québec"
J1S 1J7,"Estrie, Québec"
G0Y 1G0,"Estrie, Québec"
J1G 5G8,"Estrie, Québec"
J1X 7A2,"Estrie, Québec"
J1A 2B5,"Estrie, Québec"
J1G 4K5,"Estrie, Québec"
J1L 2A4,"Estrie, Québec"
J1L 1K1,"Estrie, Québec"
J1L 1C8,"Estrie, Québec"
J0B 1M0,"Estrie, Québec"
J1H 4B5,"Estrie, Québec"
J1H 0A5,"Estrie, Québec"
J1H 0B6,"Estrie, Québec"
J1H 4T2,"Estrie, Québec"
J0E 1P0,"Estrie, Québec"
J1L 1P6,"Estrie, Québec"
J1X 1W9,"Estrie, Québec"
J1N 2G6,"Estrie, Québec"
J1X 1T5,"Estrie, Québec"
J1C 0R4,"Estrie, Québec"
J1T 3P6,"Estrie, Québec"
J0B 1A0,"Estrie, Québec"
J1N 1G8,"Estrie, Québec"
J1R 0L1,"Estrie, Québec"
G6B 2H6,"Estrie, Québec"
J0B 1L0,"Estrie, Québec"
J1N 2N8,"Estrie, Québec"
J1J 4L9,"Estrie, Québec"
J1N 3L2,"Estrie, Québec"
J1E 3H3,"Estrie, Québec"
J1H 1Z1,"Estrie, Québec"
J1A 2H6,"Estrie, Québec"
J1H 2N3,"Estrie, Québec"
J1L 0H6,NOT FOUND
J1L 0H5,NOT FOUND
G6W 2M6,"Chaudière - Appalaches, Québec"
G6V 8T3,"Chaudière - Appalaches, Québec"
G6V 6Z4,"Chaudière - Appalaches, Québec"
J0E 2A0,"Montérégie, Québec"
J0E 1V0,"Montérégie, Québec"
J0E 1R0,"Montérégie, Québec"
J2K 0W1,NOT FOUND
K0H 2H0,"Lennox and Addington, Ontario"
G0C 1K0,"Gaspésie - Îles-de-la-Madeleine, Québec"
G0C 1V0,"Gaspésie - Îles-de-la-Madeleine, Québec"
G4T 3C8,"Gaspésie - Îles-de-la-Madeleine, Québec"
G4T 2V2,"Gaspésie - Îles-de-la-Madeleine, Québec"
G4T 3M9,"Gaspésie - Îles-de-la-Madeleine, Québec"
G4T 3G1,"Gaspésie - Îles-de-la-Madeleine, Québec"
G4T 1C9,"Gaspésie - Îles-de-la-Madeleine, Québec"
G4T 5A3,"Gaspésie - Îles-de-la-Madeleine, Québec"
G4T 1E2,"Gaspésie - Îles-de-la-Madeleine, Québec"
G4T 5A6,"Gaspésie - Îles-de-la-Madeleine, Québec"
G4T 2S9,"Gaspésie - Îles-de-la-Madeleine, Québec"
G4T 7A7,"Gaspésie - Îles-de-la-Madeleine, Québec"
G4T 0C8,"Gaspésie - Îles-de-la-Madeleine, Québec"
G0C 2K0,"Gaspésie - Îles-de-la-Madeleine, Québec"
G0C 2B0,"Gaspésie - Îles-de-la-Madeleine, Québec"
G0C 1G0,"Gaspésie - Îles-de-la-Madeleine, Québec"
G0E 1K0,"Gaspésie - Îles-de-la-Madeleine, Québec"
G0C 2E0,"Gaspésie - Îles-de-la-Madeleine, Québec"
G0C 1E0,"Gaspésie - Îles-de-la-Madeleine, Québec"
G4V 1M5,"Gaspésie - Îles-de-la-Madeleine, Québec"
G0C 3B0,"Gaspésie - Îles-de-la-Madeleine, Québec"
G0C 1H0,"Gaspésie - Îles-de-la-Madeleine, Québec"
G4X 2L2,"Gaspésie - Îles-de-la-Madeleine, Québec"
G4X 2A9,"Gaspésie - Îles-de-la-Madeleine, Québec"
G4X 4L2,"Gaspésie - Îles-de-la-Madeleine, Québec"
G0C 1Y0,"Gaspésie - Îles-de-la-Madeleine, Québec"
G0C 1J0,"Gaspésie - Îles-de-la-Madeleine, Québec"
G0E 1V0,"Gaspésie - Îles-de-la-Madeleine, Québec"
G0C 2V0,"Gaspésie - Îles-de-la-Madeleine, Québec"
G0C 2L0,"Gaspésie - Îles-de-la-Madeleine, Québec"
G0C 1Z0,"Gaspésie - Îles-de-la-Madeleine, Québec"
G4X 5P5,"Gaspésie - Îles-de-la-Madeleine, Québec"
G0C 1L0,"Gaspésie - Îles-de-la-Madeleine, Québec"
G4X 2A8,"Gaspésie - Îles-de-la-Madeleine, Québec"
G4V 3B7,"Gaspésie - Îles-de-la-Madeleine, Québec"
N0M 2T0,"Huron, Ontario"
C1A 6Y9,Île-du-Prince-Édouard
C1A 3A5,Île-du-Prince-Édouard
C1A 1X2,Île-du-Prince-Édouard
C1A 5R5,Île-du-Prince-Édouard
C0A 1R0,Île-du-Prince-Édouard
C1N 4J2,Île-du-Prince-Édouard
C1B 0R6,Île-du-Prince-Édouard
J5L 1L9,"Laurentides, Québec"
J5K 1M5,"Laurentides, Québec"
J0K 1A0,"Lanaudière, Québec"
J6Y 1R9,"Lanaudière, Québec"
J6X 4S8,"Lanaudière, Québec"
J6X 4P7,"Lanaudière, Québec"
J6Y 1K6,"Lanaudière, Québec"
J6Y 1K8,"Lanaudière, Québec"
J6Y 1P9,"Lanaudière, Québec"
J6X 0G3,NOT FOUND
J0K 2L0,"Lanaudière, Québec"
J5V 2A8,"Mauricie, Québec"
J5T 1P9,"Lanaudière, Québec"
J5M 2V5,"Lanaudière, Québec"
J0K 2S0,"Lanaudière, Québec"
J6W 1V2,"Lanaudière, Québec"
J0K 2M0,"Lanaudière, Québec"
J0K 2B0,"Lanaudière, Québec"
J7M 2B1,"Lanaudière, Québec"
J0K 2N0,"Lanaudière, Québec"
J6E 4T3,"Lanaudière, Québec"
J6W 6A6,"Lanaudière, Québec"
J0K 1V0,"Mauricie, Québec"
J6E 1T8,"Lanaudière, Québec"
J6E 6J5,"Lanaudière, Québec"
J6E 2V5,"Lanaudière, Québec"
J0K 2P0,"Lanaudière, Québec"
J7M 2A1,"Lanaudière, Québec"
J7L 3P2,"Lanaudière, Québec"
J0K 2R0,"Lanaudière, Québec"
J0K 3B0,"Lanaudière, Québec"
J7K 1M8,"Lanaudière, Québec"
J5W 4R8,"Lanaudière, Québec"
J0K 2T0,"Lanaudière, Québec"
J0K 3H0,"Lanaudière, Québec"
J6E 4J7,"Lanaudière, Québec"
J7K 1P6,"Lanaudière, Québec"
J0K 1N0,"Lanaudière, Québec"
J0K 1C0,"Lanaudière, Québec"
J7L 3X6,"Lanaudière, Québec"
J6E 6S1,"Lanaudière, Québec"
J0K 1L0,"Lanaudière, Québec"
J0K 1S0,"Lanaudière, Québec"
J6E 1A6,"Lanaudière, Québec"
J7L 3N6,"Lanaudière, Québec"
J6E 4S5,"Lanaudière, Québec"
J7M 2C1,"Lanaudière, Québec"
J6E 0M1,"Lanaudière, Québec"
J6W 5H2,"Lanaudière, Québec"
J0K 3E0,"Lanaudière, Québec"
J7K 3B6,"Lanaudière, Québec"
J0K 2K0,"Lanaudière, Québec"
J5T 1P4,"Lanaudière, Québec"
J7M 1V9,"Lanaudière, Québec"
J0K 3L0,"Lanaudière, Québec"
J5M 2C1,"Lanaudière, Québec"
J6W 3W3,"Lanaudière, Québec"
J5M 2P6,"Lanaudière, Québec"
J5T 2H5,"Lanaudière, Québec"
J5W 5P9,"Lanaudière, Québec"
J5W 3W2,"Lanaudière, Québec"
J0K 1M0,"Lanaudière, Québec"
J6E 0T7,NOT FOUND
J6W 3K9,"Lanaudière, Québec"
J6W 5M9,"Lanaudière, Québec"
J6X 4C8,"Lanaudière, Québec"
J6E 9E5,"Lanaudière, Québec"
J0K 1T0,"Lanaudière, Québec"
J5M 1Y2,"Lanaudière, Québec"
J5M 2B2,"Lanaudière, Québec"
J6E 1T7,"Lanaudière, Québec"
J6E 6A6,"Lanaudière, Québec"
J0K 3C0,"Lanaudière, Québec"
J0K 1E0,"Lanaudière, Québec"
J0K 1B0,"Lanaudière, Québec"
J0K 1X0,"Lanaudière, Québec"
J6X 3A1,"Lanaudière, Québec"
J5M 0G3,"Lanaudière, Québec"
J5X 3W4,"Lanaudière, Québec"
J0T 2E0,"Lanaudière, Québec"
J0K 3G0,"Mauricie, Québec"
J5T 2G3,"Lanaudière, Québec"
J6E 4N7,"Lanaudière, Québec"
J6E 1G2,"Lanaudière, Québec"
J6E 0M4,"Lanaudière, Québec"
J0T 2C0,"Lanaudière, Québec"
J5X 4A7,"Lanaudière, Québec"
J5T 2H2,"Lanaudière, Québec"
J5X 4A8,"Lanaudière, Québec"
J0K 1Y0,"Lanaudière, Québec"
J7M 1W1,"Lanaudière, Québec"
J5T 3L3,"Lanaudière, Québec"
J0K 3K0,"Lanaudière, Québec"
J0K 1Z0,"Lanaudière, Québec"
J7M 1T7,"Lanaudière, Québec"
J6E 4P6,"Lanaudière, Québec"
J7K 3B4,"Lanaudière, Québec"
J6E 4P9,"Lanaudière, Québec"
J6W 1T5,"Lanaudière, Québec"
J0K 3N0,"Lanaudière, Québec"
J5T 2H1,"Lanaudière, Québec"
J0K 2E0,"Lanaudière, Québec"
J5W 3W6,"Lanaudière, Québec"
J6E 3N2,"Lanaudière, Québec"
J0K 1W0,"Lanaudière, Québec"
J6A 4K4,"Lanaudière, Québec"
J6A 5K7,"Lanaudière, Québec"
J5W 1P6,"Lanaudière, Québec"
J6E 2L5,"Lanaudière, Québec"
J6E 4R3,"Lanaudière, Québec"
J0K 3A0,"Lanaudière, Québec"
J6A 8B6,"Lanaudière, Québec"
J6A 8J7,"Lanaudière, Québec"
J5W 1P1,"Lanaudière, Québec"
J7K 3T3,"Lanaudière, Québec"
J6E 4N5,"Lanaudière, Québec"
J5X 3A1,"Lanaudière, Québec"
J6E 3Z1,"Lanaudière, Québec"
J5W 0M6,NOT FOUND
J5B 2E5,"Montérégie, Québec"
J6A 5W2,"Lanaudière, Québec"
J5T 1H1,"Lanaudière, Québec"
J6A 8L6,"Lanaudière, Québec"
J5Y 0K8,NOT FOUND
J5Z 3B5,"Lanaudière, Québec"
J6A 2W3,"Lanaudière, Québec"
J6A 4X6,"Lanaudière, Québec"
J5Y 2X4,"Lanaudière, Québec"
J5Y 2P9,"Lanaudière, Québec"
J6V 0E1,"Lanaudière, Québec"
J5Y 1S7,"Lanaudière, Québec"
J6A 7K4,"Lanaudière, Québec"
J5Y 4B8,"Lanaudière, Québec"
J6A 5L3,"Lanaudière, Québec"
J6A 7E9,"Lanaudière, Québec"
J5Z 1X4,"Lanaudière, Québec"
J5Z 4M6,"Lanaudière, Québec"
J6A 2A6,"Lanaudière, Québec"
J6E 2A6,"Lanaudière, Québec"
J5Y 0Y5,"Lanaudière, Québec"
J5Z 3L6,"Lanaudière, Québec"
J5Z 1P5,"Lanaudière, Québec"
J5Z 4R7,"Lanaudière, Québec"
J6A 2A4,"Lanaudière, Québec"
J6A 5N4,"Lanaudière, Québec"
J6E 6X6,"Lanaudière, Québec"
J6Y 0J6,NOT FOUND
J6Y 0B7,"Lanaudière, Québec"
J5W 0K5,"Lanaudière, Québec"
J5Z 2H9,"Lanaudière, Québec"
J6V 3Y3,NOT FOUND
J5N 3P2,NOT FOUND
J5L 2J5,"Laurentides, Québec"
J7E 3H9,"Laurentides, Québec"
J7C 2P2,"Laurentides, Québec"
J7Z 1A2,"Laurentides, Québec"
J7E 2X5,"Laurentides, Québec"
J7Y 1T3,"Laurentides, Québec"
J7Z 4L9,"Laurentides, Québec"
J7P 4X5,"Laurentides, Québec"
J8C 1L3,"Laurentides, Québec"
J6Z 1L5,"Laurentides, Québec"
J7C 5L4,"Laurentides, Québec"
J0R 1R6,"Laurentides, Québec"
J0R 1T0,"Laurentides, Québec"
J8E 3J9,"Laurentides, Québec"
J7C 4K6,"Laurentides, Québec"
J0T 2G0,"Laurentides, Québec"
J7E 3J3,"Laurentides, Québec"
J7J 1P3,"Laurentides, Québec"
J7J 0R6,NOT FOUND
J0T 2L0,"Laurentides, Québec"
J0T 1G0,"Laurentides, Québec"
J7J 2A9,"Laurentides, Québec"
J0R 1R3,"Laurentides, Québec"
J7A 2H3,"Laurentides, Québec"
J0W 1R0,"Laurentides, Québec"
J8B 2M1,"Laurentides, Québec"
J7E 3X4,"Laurentides, Québec"
J7E 1Z5,"Laurentides, Québec"
J7P 1K6,"Laurentides, Québec"
J7C 2H6,"Laurentides, Québec"
J7N 1L6,"Laurentides, Québec"
J7Z 3P2,"Laurentides, Québec"
J8C 1L6,"Laurentides, Québec"
J0T 2N0,"Laurentides, Québec"
J7Y 4C6,"Laurentides, Québec"
J7Y 4C4,"Laurentides, Québec"
J7J 2N4,"Laurentides, Québec"
J7J 2B2,"Laurentides, Québec"
J7Z 7M1,"Laurentides, Québec"
J0T 1S0,"Laurentides, Québec"
J7C 2N4,"Laurentides, Québec"
J8B 2N5,"Laurentides, Québec"
J8C 2A9,"Laurentides, Québec"
J7J 1G9,"Laurentides, Québec"
J7Z 7L3,"Laurentides, Québec"
J7N 1P5,"Laurentides, Québec"
J0T 1T0,"Laurentides, Québec"
J7N 1P3,"Laurentides, Québec"
J7J 1M3,"Laurentides, Québec"
J7J 2G2,"Laurentides, Québec"
J7Z 7M2,"Laurentides, Québec"
J7N 2A3,"Laurentides, Québec"
J0T 1L0,"Laurentides, Québec"
J7N 1X6,"Laurentides, Québec"
J7J 1A7,"Laurentides, Québec"
J0T 2B0,"Laurentides, Québec"
J0T 1J0,"Laurentides, Québec"
J7A 2H1,"Laurentides, Québec"
J7Y 1M8,"Laurentides, Québec"
J7E 4L2,"Laurentides, Québec"
J7P 4W4,"Laurentides, Québec"
J7E 2W9,"Laurentides, Québec"
J7E 2B4,"Laurentides, Québec"
J7H 1S3,"Laurentides, Québec"
J8A 3B9,"Laurentides, Québec"
J8E 2Z9,"Laurentides, Québec"
J5J 2P5,"Laurentides, Québec"
J7G 3K6,"Laurentides, Québec"
J7C 4N3,"Laurentides, Québec"
J7H 0A5,"Laurentides, Québec"
J0N 1P0,"Laurentides, Québec"
J8C 2X1,"Laurentides, Québec"
J7H 1H9,"Laurentides, Québec"
J7A 1K3,"Laurentides, Québec"
J0R 1R0,"Laurentides, Québec"
J7P 4W9,"Laurentides, Québec"
J8E 2X5,"Laurentides, Québec"
J7Y 3L8,"Laurentides, Québec"
J0R 1R4,"Laurentides, Québec"
J7E 1N9,"Laurentides, Québec"
J7P 4Y1,"Laurentides, Québec"
J7Y 1R2,"Laurentides, Québec"
J0R 1K0,"Laurentides, Québec"
J0T 1H0,"Laurentides, Québec"
J7R 5A8,"Laurentides, Québec"
J8B 1A7,"Laurentides, Québec"
J7E 2X3,"Laurentides, Québec"
J8A 1G3,"Laurentides, Québec"
J7Z 4M4,"Laurentides, Québec"
J0R 1H0,"Laurentides, Québec"
J7R 4K3,"Laurentides, Québec"
J7N 1W7,"Laurentides, Québec"
J7C 4G6,"Laurentides, Québec"
J7N 2N2,"Laurentides, Québec"
J8B 1J9,"Laurentides, Québec"
J5L 2J9,"Laurentides, Québec"
J7J 0S1,NOT FOUND
J7Y 0J3,NOT FOUND
J8C 0M5,NOT FOUND
J7N 0T4,NOT FOUND
J0T 2M0,"Laurentides, Québec"
J5L 0A1,"Laurentides, Québec"
J8C 1L5,"Laurentides, Québec"
J0V 1R0,"Outaouais, Québec"
J7R 1L7,"Laurentides, Québec"
J0N 1M0,"Laurentides, Québec"
J7R 1M9,"Laurentides, Québec"
J7R 2H5,"Laurentides, Québec"
J0N 1G2,"Laurentides, Québec"
J7R 0A6,"Laurentides, Québec"
J0N 1E0,"Laurentides, Québec"
J7P 1V9,"Laurentides, Québec"
J7P 2B1,"Laurentides, Québec"
J6Z 1H9,"Laurentides, Québec"
J0N 1H0,"Laurentides, Québec"
J6Z 2L1,"Laurentides, Québec"
J6Z 4H3,"Laurentides, Québec"
J7R 6B2,"Laurentides, Québec"
J6Z 1L7,"Laurentides, Québec"
J6Z 4T3,"Laurentides, Québec"
J5N 3J9,NOT FOUND
J0W 1H0,"Laurentides, Québec"
J0V 2B0,"Laurentides, Québec"
J7C 5R8,"Laurentides, Québec"
J8E 1B1,"Laurentides, Québec"
J7A 3T2,"Laurentides, Québec"
J7H 1R9,"Laurentides, Québec"
J0T 1V0,"Laurentides, Québec"
J9L 1K2,"Laurentides, Québec"
J8H 1C2,"Laurentides, Québec"
J8H 2Z7,"Laurentides, Québec"
J8H 4H3,"Laurentides, Québec"
J8H 4A6,"Laurentides, Québec"
J8H 3A8,"Laurentides, Québec"
J0X 2M0,"Laurentides, Québec"
J9L 3H9,"Laurentides, Québec"
J8G 1Z3,"Laurentides, Québec"
J0V 1J0,"Laurentides, Québec"
J0W 1E0,"Outaouais, Québec"
J9L 0H6,"Laurentides, Québec"
J9L 1N1,"Laurentides, Québec"
J0W 1C0,"Laurentides, Québec"
J0T 1Y0,"Laurentides, Québec"
J0W 1K0,"Laurentides, Québec"
J0V 1E0,"Outaouais, Québec"
J9L 1L2,"Laurentides, Québec"
J8L 2M7,"Outaouais, Québec"
J0V 1L0,"Outaouais, Québec"
J9L 1T5,"Laurentides, Québec"
J9L 3J1,"Laurentides, Québec"
J7R 0G8,"Laurentides, Québec"
J7X 1A8,"Montérégie, Québec"
